reihenfolge,datum,kino_name,alphabet_kino,alphabet_stadt,kino_name_escaped,kino_strasse_nr,kino_plz,kino_stadt,lon,lat,kino_tel,kino_url,kino_url_hyper,kino_info,kino_map,video_url,image,video_id
1,2014-10-08,Kinemathek,29,33,kinemathek-karlsruhe,Kaiserpassage 6,76133,Karlsruhe,8.394711,49.010601,0721 9374714,http://kinemathek-karlsruhe.de,http://kinemathek-karlsruhe.de,Hier kommt ein Karton. Hier kommt ein Karton. Hier kommt ein Karton.,"https://www.google.com/maps/place/Kinemathek+Karlsruhe+e.V./@49.010601,8.3947113,17z/data=!3m1!4b1!4m5!3m4!1s0x4797065078fb2b23:0x73d1b5217b4a7cc5!8m2!3d49.010601!4d8.3969?hl=en-GB",,,173466464
2,2014-10-10,Subiaco Kino,66,2,subiaco-alpirsbach,Klosterplatz 2,72275,Alpirsbach,8.401595,48.346304,7444916741,http://www.subiaco.de,http://www.subiaco.de,Hier kommt ein Karton. Hier kommt ein Karton. Hier kommt ein Karton.,"https://www.google.com/maps/place/Subiaco+cinema+e.V./@48.3463041,8.4015949,17z/data=!3m1!4b1!4m5!3m4!1s0x4790ca3a17fa9ac7:0x92b982458e576da5!8m2!3d48.3463041!4d8.4037836?hl=en-GB",,,173455565
3,2014-10-12,Blaue Königin,6,12,blaue-koenigin-bruehl,Karl-reinfriedstr. 5,77815,Brühl,8.131501,48.69391,078 41 2 52 52,http://www.kino-achern.de,http://www.kino-achern.de,Hier kommt ein Karton. Hier kommt ein Karton. Hier kommt ein Karton.,"https://www.google.com/maps/place/Blaue+K%C3%B6nigin/@48.69391,8.1315013,17z/data=!3m1!4b1!4m5!3m4!1s0x4796df6759065617:0xb6ef54bed47b1d4d!8m2!3d48.69391!4d8.13369?hl=en-GB",,,173363476
4,2014-10-13,Filmhaus,22,53,filmhaus-nuernberg,Frommannstraße 12,90419,Nürnberg,11.069417,49.458625,0911 231734,https://www.kunstkulturquartier.de/filmhaus/programm/,https://www.kunstkulturquartier.de/filmhaus/programm/,Hier kommt ein Karton. Hier kommt ein Karton. Hier kommt ein Karton.,"https://www.google.com/maps/place/Filmhaus+N%C3%BCrnberg+e.V./@49.4586252,11.0694172,17z/data=!3m1!4b1!4m5!3m4!1s0x479f57b23cb28161:0xebb4c39d643a6d28!8m2!3d49.4586252!4d11.0716059?hl=en-GB",https://vimeo.com/232243916,,140768825
5,2014-10-14,Kommunales Kino,45,55,kommunales-kino-oberkirch,Apothekergasse 7,77704,Oberkirch,8.076811,48.52991,07802 700220,http://www.koki-oberkirch.de/programm,http://www.koki-oberkirch.de/programm,Hier kommt ein Karton. Hier kommt ein Karton. Hier kommt ein Karton.,"https://www.google.com/maps/place/Apothekergasse+7,+77704+Oberkirch,+Germany/@48.52991,8.0768113,17z/data=!3m1!4b1!4m5!3m4!1s0x4796d610e9d3b6a7:0xf59d5bbfd4222e3e!8m2!3d48.52991!4d8.079?hl=en-GB",,,140730510
6,2014-10-15,Kommunales Kino,46,61,kommunales-kino-pforzheim,Schloßberg 20,75175,Pforzheim  ,8.702134,48.89292,07231 5661970,http://kommunales-kino-pforzheim.de/,http://kommunales-kino-pforzheim.de/,Hier kommt ein Karton. Hier kommt ein Karton. Hier kommt ein Karton.,"https://www.google.com/maps/place/Kommunales+Kino+Pforzheim/@48.8929196,8.7021337,17z/data=!3m1!4b1!4m5!3m4!1s0x4797721faf639e13:0x318274d14faf396c!8m2!3d48.8929196!4d8.7043224?hl=en-GB",https://vimeo.com/232248255,,136435473
7,2014-10-16,Studiokino,65,43,studiokino-magdeburg,Moritzplatz 1a,39124,Magdeburg,11.630697,52.15571,0391288 999 63,http://www.studiokino.com,http://www.studiokino.com,Hier kommt ein Karton. Hier kommt ein Karton. Hier kommt ein Karton.,"https://www.google.com/maps/place/Studiokino/@52.1557101,11.6306969,17z/data=!3m1!4b1!4m5!3m4!1s0x47af5f3de5bab075:0xed119b157a68f2f2!8m2!3d52.1557101!4d11.6328856?hl=en-GB",,,134409421
8,2014-10-16,Werkstattkino,74,50,werkstattkino-muenchen,Fraunhoferstraße 9,80469,München,11.570394,48.130744,089 2607250,http://werkstattkino.de,http://werkstattkino.de,Hier kommt ein Karton. Hier kommt ein Karton. Hier kommt ein Karton.,"https://www.google.com/maps/place/Werkstattkino/@48.1307438,11.570394,17z/data=!3m1!4b1!4m5!3m4!1s0x479ddf60a6faaaa3:0xbc7c384b8cc538e2!8m2!3d48.1307438!4d11.5725827?hl=en-GB",,,133146010
9,2014-10-17,Filmbühne Caligari,17,74,caligari-wiesbaden,Marktplatz 9,65183,Wiesbaden,8.241669,50.082139,0611 315050,http://www.wiesbaden.de/microsite/caligari/index.php,http://www.wiesbaden.de/microsite/caligari/index.php,Hier kommt ein Karton. Hier kommt ein Karton. Hier kommt ein Karton.,"https://www.google.com/maps/place/Caligari+Film-B%C3%BChne/@50.0821386,8.2416689,17z/data=!3m1!4b1!4m5!3m4!1s0x47bdbdd9600484e3:0xf4699d6a2f3a375d!8m2!3d50.0821386!4d8.2438576?hl=en-GB",,,130017082
10,2014-10-20,Kino Breitwand im Schloß,34,66,breitwand-seefeld,Schloßhof 7,82229,Seefeld,11.201901,48.030773,08152 981898,http://www.breitwand.com/home/cm/start-3/index.html,http://www.breitwand.com/home/cm/start-3/index.html,Hier kommt ein Karton. Hier kommt ein Karton. Hier kommt ein Karton.,"https://www.google.com/maps/place/Kino+Breitwand+im+Schlo%C3%9F+Seefeld/@48.0307729,11.2019006,17z/data=!3m1!4b1!4m5!3m4!1s0x479dd2b7fba32db3:0x26480ddbcc81c950!8m2!3d48.0307729!4d11.2040893?hl=en-GB",https://vimeo.com/232236718,,123323317
11,2014-10-21,Scharfrichter Kino,63,59,scharfrichter-passau,Milchgasse 2,94032,Passau,13.467169,48.574766,0851 9883550,http://www.cineplex.de/infos/unsere-kinos/1223/passau/,http://www.cineplex.de/infos/unsere-kinos/1223/passau/,Hier kommt ein Karton. Hier kommt ein Karton. Hier kommt ein Karton.,"https://www.google.com/maps/place/Passau+Scharfrichter-Kino/@48.5747656,13.4671685,17z/data=!3m1!4b1!4m5!3m4!1s0x4774f60017abd177:0x67e3aae9b5e1027e!8m2!3d48.5747656!4d13.4693572?hl=en-GB",,,105220220
12,2014-10-21,Filmgalerie im Leeren Beutel,21,62,filmgalerie-im-leeren-beutel-regensburg,Bertoldstraße 9,93047,Regensburg,12.100947,49.018311,0941 298 45 63,http://www.filmgalerie.de,http://www.filmgalerie.de,Hier kommt ein Karton. Hier kommt ein Karton. Hier kommt ein Karton.,"https://www.google.com/maps/place/Filmgalerie+Kino+im+Leeren+Beutel/@49.0183113,12.1009469,17z/data=!3m1!4b1!4m5!3m4!1s0x479fc1a166613509:0xbd86769274b11b0f!8m2!3d49.0183113!4d12.1031356?hl=en-GB",,,99451997
13,2014-10-23,Thalia,68,3,thalia-augsburg,Obstmarkt 5,86152,Augsburg,10.894701,48.370787,082115 3078,http://www.lechflimmern.de/kino02/start.php,http://www.lechflimmern.de/kino02/start.php,Hier kommt ein Karton. Hier kommt ein Karton. Hier kommt ein Karton.,"https://www.google.com/maps/place/Thalia/@48.3707872,10.8947012,17z/data=!3m1!4b1!4m5!3m4!1s0x479ebd50fb83efb3:0x722db08f29dc0a1e!8m2!3d48.3707872!4d10.8968899?hl=en-GB",,,99449458
14,2014-10-24,Filmpalette,25,38,filmpalette-koeln,Lübecker Straße 15,50668,Köln,6.953026,50.94962,0221 12 21 12,http://www.filmpalette-koeln.de,http://www.filmpalette-koeln.de,Hier kommt ein Karton. Hier kommt ein Karton. Hier kommt ein Karton.,"https://www.google.com/maps/place/Filmpalette/@50.9496195,6.9530261,17z/data=!3m1!4b1!4m5!3m4!1s0x47bf25a23840e2b7:0xf8a23193a5798cb!8m2!3d50.9496195!4d6.9552148?hl=en-GB",,,87456848
15,2014-10-25,Bonner Kinemathek in der Brotfabrik,7,9,kinemathek-brotfabrik-bonn,Kreuzstraße 16,53225,Bonn-Beuel,7.121121,50.74089,0228 47 84 89,http://www.bonnerkinemathek.de,http://www.bonnerkinemathek.de,Hier kommt ein Karton. Hier kommt ein Karton. Hier kommt ein Karton.,"https://www.google.com/maps/place/Bonner+Kinemathek/@50.74089,7.1211213,17z/data=!3m1!4b1!4m5!3m4!1s0x47bee110c52c1c4f:0x8a81c28864f6fa60!8m2!3d50.74089!4d7.12331?hl=en-GB",,,173466464
16,2014-10-26,Bambi,5,15,bambi-duesseldorf,Klosterstr. 78,40211,Düsseldorf,6.786957,51.224686,0211 35 36 35,http://www.filmkunstkinos.de/index.php,http://www.filmkunstkinos.de/index.php,Hier kommt ein Karton. Hier kommt ein Karton. Hier kommt ein Karton.,"https://www.google.com/maps/place/Bambi+Filmstudio/@51.224686,6.7869571,17z/data=!3m1!4b1!4m5!3m4!1s0x47b8ca255b16f953:0x8a236755536ff506!8m2!3d51.224686!4d6.7891458?hl=en-GB",,,173455565
17,2014-10-27,Filmstudio Glückauf,26,16,filmstudio-glueckauf-essen,Rüttenscheider Straße 2 ,45128,Essen,7.004722,51.443403,0201 43 93 66 33,http://www.essener-filmkunsttheater.de,http://www.essener-filmkunsttheater.de,Hier kommt ein Karton. Hier kommt ein Karton. Hier kommt ein Karton.,"https://www.google.com/maps/place/Filmstudio/@51.4434033,7.0047219,17z/data=!3m1!4b1!4m5!3m4!1s0x47b8c2cfd0ea30d1:0x653bfdd2bfb37d6d!8m2!3d51.4434033!4d7.0069106?hl=en-GB",,,173363476
18,2014-10-28,Cineplex,12,58,cineplex-paderborn,Westernstr. 34 ,33098,Paderborn,8.746064,51.716397,05251 2906000,http://www.cineplex.de/paderborn/,http://www.cineplex.de/paderborn/,Hier kommt ein Karton. Hier kommt ein Karton. Hier kommt ein Karton.,"https://www.google.com/maps/place/Pollux+by+Cineplex/@51.716397,8.7460643,17z/data=!3m1!4b1!4m5!3m4!1s0x47ba4ca2b0c03e6f:0xd351abae8a9d68ff!8m2!3d51.716397!4d8.748253?hl=en-GB",,,140768825
19,2014-10-29,Kino Arsenal,33,6,arsenal-berlin,Potsdamer Straße 2 ,10785,Berlin,13.371387,52.509651,030 26955100,http://www.arsenal-berlin.de/home.html,http://www.arsenal-berlin.de/home.html,Hier kommt ein Karton. Hier kommt ein Karton. Hier kommt ein Karton.,"https://www.google.com/maps/place/Arsenal+%E2%80%93+Institut+f%C3%BCr+Film+und+Videokunst+e.V/@52.5096511,13.3713866,17z/data=!3m1!4b1!4m5!3m4!1s0x47a851c99b1ac3bb:0x94ce196a05747417!8m2!3d52.5096511!4d13.3735753?hl=en-GB",,,140730510
20,2014-11-03,Filmladen,24,36,filmladen-kassel,Goethestrasse 31,34119,Kassel,9.470841,51.31415,0561 707 640,http://www.filmladen.de,http://www.filmladen.de,Hier kommt ein Karton. Hier kommt ein Karton. Hier kommt ein Karton.,"https://www.google.com/maps/place/Filmladen+Kassel+e.+V/@51.31415,9.4708413,17z/data=!3m1!4b1!4m5!3m4!1s0x47bb3f4390499f0f:0x7f56c4011fd3ee64!8m2!3d51.31415!4d9.47303?hl=en-GB",,,136435473
21,2014-11-04,Trauma im G-Werk,70,44,trauma-marburg,Afföllerwiesen 3A,35039,Marburg  ,8.767768,50.820565,06421 889772,http://www.cafetrauma.de/,http://www.cafetrauma.de/,Hier kommt ein Karton. Hier kommt ein Karton. Hier kommt ein Karton.,"https://www.google.com/maps/place/Trauma+im+G-Werk+e.V./@50.8205647,8.7677679,17z/data=!3m1!4b1!4m5!3m4!1s0x47bc629ac1a29f49:0xa612dc33c1477569!8m2!3d50.8205647!4d8.7699566?hl=en-GB",https://vimeo.com/232248557,,134409421
22,2014-11-05,Mal Sehn’ Kino,58,18,mal-sehn-frankfurt,"Adlerflychtstr. 6, Hinterhaus",60318,Frankfurt,8.683396,50.123887,069 5970845,http://www.malsehnkino.de,http://www.malsehnkino.de,Hier kommt ein Karton. Hier kommt ein Karton. Hier kommt ein Karton.,"https://www.google.com/maps/place/Mal+Seh'n+cinema+e.V./@50.1238865,8.6833959,17z/data=!3m1!4b1!4m5!3m4!1s0x47bd0eb9d2642fd9:0x926f22821948bfee!8m2!3d50.1238865!4d8.6855846?hl=en-GB",,,133146010
23,2014-11-07,Kommunales Kino,47,19,kommunales-kino-freiburg,Urachstraße 40,79102,Freiburg im Breisgau,7.851352,47.984806,0761 4598000,https://www.koki-freiburg.de/,https://www.koki-freiburg.de/,Hier kommt ein Karton. Hier kommt ein Karton. Hier kommt ein Karton.,"https://www.google.com/maps/place/Kommunales+Kino/@47.9848058,7.8513516,17z/data=!3m1!4b1!4m5!3m4!1s0x47911ca4b4af9c93:0x16bc92c92ca376dd!8m2!3d47.9848058!4d7.8535403?hl=en-GB",https://vimeo.com/232244969,,130017082
24,2014-11-08,Arsenal,3,70,arsenal-tuebingen,Hintere Grabenstraße 20,72070,Tübingen,9.051739,48.522875,07071 999 75 31,http://www.arsenalkinos.de,http://www.arsenalkinos.de,Hier kommt ein Karton. Hier kommt ein Karton. Hier kommt ein Karton.,"https://www.google.com/maps/place/Arsenal+Kinobetriebe/@48.5228754,9.0517392,17z/data=!3m1!4b1!4m5!3m4!1s0x4799fad4c7353a7f:0x61c5cef62611dadf!8m2!3d48.5228754!4d9.0539279?hl=en-GB",,,123323317
25,2014-11-09,Delphin Palast,15,75,delphin-palast-wolfsburg,Porschestraße 39,38440,Wolfsburg,10.786273,52.423217,05361 3070507,http://www.delphin-kino.de,http://www.delphin-kino.de,Hier kommt ein Karton. Hier kommt ein Karton. Hier kommt ein Karton.,"https://www.google.com/maps/place/Delphin-Palast/@52.423217,10.7862733,17z/data=!3m1!4b1!4m5!3m4!1s0x47af924b3db83919:0xaf364c7e0893bd9!8m2!3d52.423217!4d10.788462?hl=en-GB",,,105220220
26,2014-11-10,Universum,72,10,universum-braunschweig,Neue Straße 8,38100,Braunschweig,10.518341,52.26422,0531 7022 15 50,http://www.universum-filmtheater.de/das-aktuelle-programm-vom-2109-27092017/,http://www.universum-filmtheater.de/das-aktuelle-programm-vom-2109-27092017/,Hier kommt ein Karton. Hier kommt ein Karton. Hier kommt ein Karton.,"https://www.google.de/maps/place/Universum+Filmtheater/@52.26422,10.5183414,17z/data=!3m1!4b1!4m5!3m4!1s0x47aff6771387f0f1:0xdc3b8fd7a5cc1059!8m2!3d52.26422!4d10.52053",https://vimeo.com/232456432,,99451997
27,2014-11-11,Kino in der Lagerhalle,41,57,kino-in-der-lagerhalle-osnabrueck,Rolandsmauer 26,49074,Osnabrück,8.03725,52.276139,0541 338740,http://www.lagerhalle-osnabrueck.de/cms/,http://www.lagerhalle-osnabrueck.de/cms/,Hier kommt ein Karton. Hier kommt ein Karton. Hier kommt ein Karton.,"https://www.google.com/maps/place/Lagerhalle+e.V./@52.2761386,8.0372496,17z/data=!3m1!4b1!4m5!3m4!1s0x47b9e594ce491f45:0x6344b4a46e4038f7!8m2!3d52.2761386!4d8.0394383?hl=en-GB",,,99449458
28,2014-11-13,City 46,14,11,city-46-bremen,Birkenstraße 1,28195,Bremen,8.807791,53.080272,0421 95799290,http://www.city46.de/willkommen.html,http://www.city46.de/willkommen.html,Hier kommt ein Karton. Hier kommt ein Karton. Hier kommt ein Karton.,"https://www.google.de/maps/place/City+46+municipal+cinema+Bremen+e.V./@53.0802722,8.8077909,17z/data=!3m1!4b1!4m5!3m4!1s0x47b1284fd770dc47:0x8f02c0996a09975e!8m2!3d53.0802722!4d8.8099796",https://vimeo.com/232485928,,87456848
29,2014-11-16,Abaton,1,21,abaton-hamburg,Allendeplatz 3,20146,Hamburg,9.979695,53.567606,04041 320320,http://www.abaton.de,http://www.abaton.de,Hier kommt ein Karton. Hier kommt ein Karton. Hier kommt ein Karton.,"https://www.google.com/maps/place/Abaton+Kino/@53.5676058,9.9796952,17z/data=!3m1!4b1!4m5!3m4!1s0x47b18f3982daab01:0x9210c505a9b0e5e7!8m2!3d53.5676058!4d9.9818839?hl=en-GB",,,173466464
30,2014-11-17,Kino im Künstlerhaus,36,27,kino-im-kuenstlerhaus-hannover,Sophienstr. 2,30159,Hannover,9.740963,52.372861,0511 168 45522,http://www.presse-hannover.de/koki/koki2008/,http://www.presse-hannover.de/koki/koki2008/,Hier kommt ein Karton. Hier kommt ein Karton. Hier kommt ein Karton.,"https://www.google.com/maps/place/Kino+im+K%C3%BCnstlerhaus/@52.3728607,9.7409629,17z/data=!3m1!4b1!4m5!3m4!1s0x47b074b3d7c1447f:0x44d58e8e87c6e5c3!8m2!3d52.3728607!4d9.7431516?hl=en-GB",,,173455565
31,2014-11-21,Eiszeit,16,7,eiszeit-berlin,Zeughofstraße 20,10997,Berlin,13.430971,52.500263,030 6116016,http://eiszeit.berlin/en/programmtickets,http://eiszeit.berlin/en/programmtickets,Hier kommt ein Karton. Hier kommt ein Karton. Hier kommt ein Karton.,"https://www.google.de/maps/place/EISZEIT-Kino/@52.500263,13.4309713,17z/data=!3m1!4b1!4m5!3m4!1s0x47a84e4b97006517:0xcc692ea774c204cb!8m2!3d52.500263!4d13.43316",https://vimeo.com/232513068,,173363476
32,2014-11-22,Bundesplatz-Kino,8,8,bundesplatz-kino-berlin,Bundesplatz 14,10715,Berlin,13.329375,52.478895,030 85406085,http://www.bundesplatz-kino.de/,http://www.bundesplatz-kino.de/,Hier kommt ein Karton. Hier kommt ein Karton. Hier kommt ein Karton.,"https://www.google.de/maps/place/Bundesplatz+Kino+Berlin/@52.4788951,13.3293754,15z/data=!4m2!3m1!1s0x0:0x936d1d4750182a38?sa=X&ved=0ahUKEwj5wa3agcHWAhXDvRQKHQ9XAzYQ_BIIlwEwCg",https://vimeo.com/232514721,,140768825
33,2014-11-23,Kino,30,46,kino-meldorf-meldorf,Süderstraße 14,25704,Meldorf,9.068945,54.088688,04832 4343,http://kino-meldorf.de/kino/home/city279,http://kino-meldorf.de/kino/home/city279,Hier kommt ein Karton. Hier kommt ein Karton. Hier kommt ein Karton.,"https://www.google.com/maps/place/Kino+Deutsches+Haus/@54.088688,9.0689451,17z/data=!3m1!4b1!4m5!3m4!1s0x47b3f34a6e4ad8b9:0xc89147c0c6a4c263!8m2!3d54.088688!4d9.0711339?hl=en-GB",,,140730510
34,2014-11-25,Pro-Winzkino,62,67,pro-winzkino-simmern,Marktstraße 39,55469,Simmern,7.521111,49.98448,06761 7748,http://www.pro-winzkino.de/static/structure/index.php,http://www.pro-winzkino.de/static/structure/index.php,Hier kommt ein Karton. Hier kommt ein Karton. Hier kommt ein Karton.,"https://www.google.com/maps/place/Pro-Winzkino/@49.98448,7.5211113,17z/data=!3m1!4b1!4m5!3m4!1s0x47be0e53b88aecdb:0x9eea7f889249e2e5!8m2!3d49.98448!4d7.5233?hl=en-GB",,,136435473
35,2014-11-27,Kino im Schafstall,37,65,schafstall-schwaebisch-hall,Im Lindach 9,74523,Schwäbisch-Hall,9.733766,49.108805,0791 71937,http://www.kinoimschafstall.de,http://www.kinoimschafstall.de,Hier kommt ein Karton. Hier kommt ein Karton. Hier kommt ein Karton.,"https://www.google.com/maps/place/Cinema+in+the+sheepfold/@49.1088045,9.733766,17z/data=!3m1!4b1!4m5!3m4!1s0x47985072da38f087:0xf64b7cb93ac05f83!8m2!3d49.1088045!4d9.7359548?hl=en-GB",,,134409421
36,2014-11-28,Filmklappe,23,69,filmklappe-speyer,Kleine Greifengasse 9,67346,Speyer,8.438672,49.316463,06232 73839,http://www.filmklappe-speyer.de/,http://www.filmklappe-speyer.de/,Hier kommt ein Karton. Hier kommt ein Karton. Hier kommt ein Karton.,"https://www.google.com/maps/place/Verein+Alter+Stadtsaal+e.V./@49.316463,8.438672,17z/data=!4m5!3m4!1s0x0:0xec25b6ac64e7784e!8m2!3d49.3164631!4d8.4386718?hl=en-GB",https://vimeo.com/232311680,,133146010
37,2014-11-30,Weitwinkel Kommunales Kino,73,68,weitwinkel-singen,Mühlenstraße 13,78224,Singen,8.829511,47.761457,07731 67578,http://www.diegems.de/kino.html,http://www.diegems.de/kino.html,Hier kommt ein Karton. Hier kommt ein Karton. Hier kommt ein Karton.,"https://www.google.de/maps/place/GEMS+Kulturzentrum/@47.761457,8.8295108,17z/data=!3m1!4b1!4m5!3m4!1s0x479a7d153f93395d:0xb9dc40d3b3efd311!8m2!3d47.761457!4d8.8316995",https://vimeo.com/232337843,,130017082
38,2014-11-30,Kulturzentrum Linse,51,72,kulturzentrum-linse-weingarten,Lieb­frau­en­str. 58,88250,Weingarten,9.634891,47.80447,0751 51199,http://www.kulturzentrum-linse.de/kino-programm-tickets/,http://www.kulturzentrum-linse.de/kino-programm-tickets/,Hier kommt ein Karton. Hier kommt ein Karton. Hier kommt ein Karton.,"https://www.google.com/maps/place/Kulturzentrum+Linse+e.V./@47.80447,9.6348913,17z/data=!3m1!4b1!4m5!3m4!1s0x479bafa4d4fcb239:0x39aff4d92deeed68!8m2!3d47.80447!4d9.63708?hl=en-GB",,,123323317
39,2014-12-01,Kino Utopia,43,71,utopia-wasserburg,Herrengasse 5-7,83512,Wasserburg a. Inn,12.229621,48.061226,08071 62 06,http://www.kino-utopia.de,http://www.kino-utopia.de,Hier kommt ein Karton. Hier kommt ein Karton. Hier kommt ein Karton.,"https://www.google.com/maps/place/Kino+Utopia/@48.0612255,12.2296205,17z/data=!3m1!4b1!4m5!3m4!1s0x477607f353374d6b:0xb5ad28b6467a9582!8m2!3d48.0612255!4d12.2318092?hl=en-GB",https://vimeo.com/232336986,,105220220
40,2014-12-02,Lichtspiel,55,5,lichtspiel-bamberg,Untere Königstr. 34,96052,Bamberg,10.887851,49.897959,0951 26785,http://www.lichtspielkino.de/,http://www.lichtspielkino.de/,Hier kommt ein Karton. Hier kommt ein Karton. Hier kommt ein Karton.,"https://www.google.de/maps/place/Lichtspiel,+Kino+%26+Caf%C3%A9/@49.8979585,10.8878508,17z/data=!3m1!4b1!4m5!3m4!1s0x47a22314ad894255:0xc714fdae903dec24!8m2!3d49.8979585!4d10.8900395",https://vimeo.com/232335733,,99451997
41,2014-12-03,Central-Kino,10,32,central-kino-hof,Altstadt 8,95028,Hof,11.913419,50.318356,09281 142488,http://www.kino-hof.de/,http://www.kino-hof.de/,Hier kommt ein Karton. Hier kommt ein Karton. Hier kommt ein Karton.,"https://www.google.de/maps/place/Central-Kino+Hof/@50.3183557,11.9134192,17z/data=!3m1!4b1!4m5!3m4!1s0x47a117551fbb3af1:0x7d7d1fdd6e464dda!8m2!3d50.3183557!4d11.9156079",https://vimeo.com/232468011,,99449458
42,2014-12-04,Cineding,11,40,cineding-leipzig,Karl-Heine-Str. 83,4229,Leipzig,12.330107,51.330802,034123 959 474,http://www.cineding-leipzig.de,http://www.cineding-leipzig.de,Hier kommt ein Karton. Hier kommt ein Karton. Hier kommt ein Karton.,"https://www.google.com/maps/place/Cineding+Leipzig/@51.3308019,12.3301068,17z/data=!3m1!4b1!4m5!3m4!1s0x47a6f7a04b9bedcd:0xa08679272e6d2910!8m2!3d51.3308019!4d12.3322955?hl=en-GB",,,87456848
43,2014-12-06,Kino 51 Stufen,31,17,kino-51-stufen-flensburg,Friedrich-Ebert-Str. 7,24937,Flensburg,9.436219,54.780918,0461 31802 184,http://www.51stufen.de,http://www.51stufen.de,Hier kommt ein Karton. Hier kommt ein Karton. Hier kommt ein Karton.,"https://www.google.com/maps/place/Cinema+51+stages/@54.7809184,9.4362191,17z/data=!3m1!4b1!4m5!3m4!1s0x47b34299d0a84e51:0x79c5e14d6d031e08!8m2!3d54.7809184!4d9.4384078?hl=en-GB",,,173466464
44,2014-12-08,Apollo,2,1,apollo-aachen,Pontstraße 141-149,52062,Aachen,6.078979,50.78067,0241 9008484,http://www.apollo-aachen.de/,http://www.apollo-aachen.de/,Hier kommt ein Karton. Hier kommt ein Karton. Hier kommt ein Karton.,"https://www.google.de/maps/place/Apollo+Kino+%26+Bar/@50.7806704,6.078979,15z/data=!4m2!3m1!1s0x0:0x9328c9881217c03c?sa=X&ved=0ahUKEwifxuKrlbfWAhUBQBQKHXMrBm8Q_BIIxQEwDw",https://vimeo.com/232468873,,173455565
45,2014-12-09,Kommunales Kino,48,41,kommunales-kino-leverkusen,Am Büchelter Hof 9,51373,Leverkusen,6.987261,51.035097,0214 406 4184,https://http://kommunales-kino-leverkusen.de,http://www.kommunales-kino-leverkusen.de,Hier kommt ein Karton. Hier kommt ein Karton. Hier kommt ein Karton.,"https://www.google.de/maps/place/Kommunales+Kino+im+Forum/@51.0350967,6.9872607,17z/data=!4m8!1m2!2m1!1skommunales+kino+in+der+vhs+leverkusen!3m4!1s0x47bf2e94940a33df:0x51efb05064b9457f!8m2!3d51.0350254!4d6.9898498",https://vimeo.com/232458754,,173363476
46,2014-12-10,Kino im BÜZ,35,47,kino-im-buez-minden,Seidenbeutel 1 ,32423,Minden,8.918301,52.291124,0571 23939 ,http://www.buezminden.de/,http://www.buezminden.de/,Hier kommt ein Karton. Hier kommt ein Karton. Hier kommt ein Karton.,"https://www.google.com/maps/place/Kulturzentrum+B%C3%9CZ/@52.291124,8.9183013,17z/data=!3m1!4b1!4m5!3m4!1s0x47ba76a7d8b63b05:0xea4862d8e5aafcc0!8m2!3d52.291124!4d8.92049?hl=en-GB",,,140768825
47,2014-12-13,Metropolis,60,22,metropolis-hamburg,Kleine Theaterstraße 10,20354,Hamburg,9.986288,53.556337,040 342353,http://www.metropoliskino.de/,http://www.metropoliskino.de/,Hier kommt ein Karton. Hier kommt ein Karton. Hier kommt ein Karton.,"https://www.google.com/maps/place/Metropolis/@53.5563367,9.9862883,17z/data=!3m1!4b1!4m5!3m4!1s0x4163a34b390bedab:0xb4a6f8501dcd1963!8m2!3d53.5563367!4d9.988477?hl=en-GB",,,140730510
48,2014-12-14,Lichtblick,54,56,lichtblick-oldenburg,Schuhstraße 97,23758,Oldenburg i. Holst.,10.879139,54.287027,04361 5077 48,http://www.lichtblick-filmtheater.de,http://www.lichtblick-filmtheater.de,Hier kommt ein Karton. Hier kommt ein Karton. Hier kommt ein Karton.,"https://www.google.com/maps/place/Kino+Lichtblick+Filmtheater/@54.2870274,10.8791394,17z/data=!4m13!1m7!3m6!1s0x47b27e25b7d53d6b:0x8e892aa05541f2ed!2sSchuhstra%C3%9Fe+97,+23758+Oldenburg+in+Holstein,+Germany!3b1!8m2!3d54.2870274!4d10.8813281!3m4!1s0x0:0x5afb625f46746a3!8m2!3d54.2873665!4d10.8811748?hl=en-GB",,,136435473
49,2014-12-16,Kino in der Pumpe,42,37,kino-in-der-pumpe-kiel,Haßstr. 22,24103,Kiel,10.135879,54.324577,0431 2007650,http://www.diepumpe.de/veranstaltungen/kategorie/kino/,http://www.diepumpe.de/veranstaltungen/kategorie/kino/,Hier kommt ein Karton. Hier kommt ein Karton. Hier kommt ein Karton.,"https://www.google.com/maps/place/Ha%C3%9Fstra%C3%9Fe+22,+24103+Kiel,+Germany/@54.3245773,10.135879,17z/data=!3m1!4b1!4m5!3m4!1s0x47b2565d142b2eff:0x72e97ff989a28fc9!8m2!3d54.3245773!4d10.1380677?hl=en-GB",,,134409421
50,2014-12-20,Hochseekino,27,30,hochseekino-helgoland,Nordseehalle,27498,Helgoland,7.885023,54.185197,04725 811050,http://hochseekino.de/kino/home/city220,http://hochseekino.de/kino/home/city220,Hier kommt ein Karton. Hier kommt ein Karton. Hier kommt ein Karton.,"https://www.google.com/maps/place/Nordseehalle+Helgoland/@54.1851968,7.8850226,17z/data=!3m1!4b1!4m5!3m4!1s0x47b5b5fa92f0d287:0x4ff8485923251d0e!8m2!3d54.1851968!4d7.8872113?hl=en-GB",,,133146010
51,2015-01-01,Koki,44,42,koki-luebeck,Mengstr. 35,23552,Lübeck,10.678862,53.868673,04511 221287,http://www.kinokoki.de,http://www.kinokoki.de,Hier kommt ein Karton. Hier kommt ein Karton. Hier kommt ein Karton.,"https://www.google.com/maps/place/Kommunales+Kino+L%C3%BCbeck/@53.868673,10.6788623,17z/data=!3m1!4b1!4m5!3m4!1s0x47b2095650cacdd9:0x531089ff86a1a117!8m2!3d53.868673!4d10.681051?hl=en-GB",,,130017082
52,2015-01-17,Olympiakino,61,31,olympiakino-hirschberg-leutershausen,Hölderlinstraße 2,69493,Hirschberg-Leutershausen,8.658778,49.499443,06201 5091 95,http://www.olympia-leutershausen.de,http://www.olympia-leutershausen.de,Hier kommt ein Karton. Hier kommt ein Karton. Hier kommt ein Karton.,"https://www.google.com/maps/place/Olympia+Kino/@49.4994431,8.6587782,17z/data=!3m1!4b1!4m5!3m4!1s0x4797c4f2a3df4eef:0x7d6327a458f72a20!8m2!3d49.4994431!4d8.6609669?hl=en-GB",,,123323317
53,2015-01-18,Karlstorkino,28,29,karlstorkino-heidelberg,Am Karlstor 1,69117,Heidelberg,8.717068,49.414804,06221 978920,http://www.karlstorkino.de,http://www.karlstorkino.de,Hier kommt ein Karton. Hier kommt ein Karton. Hier kommt ein Karton.,"https://www.google.com/maps/place/Karlstorkino+-+Media+Forum+Heidelberg+e.V./@49.4148042,8.717068,17z/data=!3m1!4b1!4m5!3m4!1s0x4797c1a63bc7b45f:0x70c49e810c358f6b!8m2!3d49.4148042!4d8.7192567?hl=en-GB",,,105220220
54,2015-01-21,sweetSixteen,67,13,sweetsixteen-dortmund,Immermannstraße 29,44147,Dortmund,7.450668,51.533209,0231 9106623,http://sweetsixteen-kino.de/,http://sweetsixteen-kino.de/,Hier kommt ein Karton. Hier kommt ein Karton. Hier kommt ein Karton.,"https://www.google.de/maps/place/sweetSixteen/@51.533209,7.4506683,17z/data=!3m1!4b1!4m5!3m4!1s0x47b91a1dc5920acf:0xfee304227cae4615!8m2!3d51.533209!4d7.452857",https://vimeo.com/232455770,,99451997
55,2015-01-22,Kino im Walzenlager,39,54,kino-im-walzenlager-oberhausen,Hansatraße 20,46049,Oberhausen,6.845126,51.475229,020885 97 877,http://www.walzenlagerkino-ob.de,http://www.walzenlagerkino-ob.de,Hier kommt ein Karton. Hier kommt ein Karton. Hier kommt ein Karton.,"https://www.google.com/maps/place/Zentrum+Altenberg/@51.475229,6.8451263,17z/data=!3m1!4b1!4m5!3m4!1s0x47b8c024f949d6cb:0xa57a732012ae64d1!8m2!3d51.475229!4d6.847315?hl=en-GB",,,99449458
56,2015-01-25,Thalia Cinema. Coffee & Cigarettes ,69,14,thalia-cinema-dresden,Görlitzer Str. 6,1099,Dresden,13.752026,51.06682,0351 6524703,http://thalia-dresden.de/,http://thalia-dresden.de/,Hier kommt ein Karton. Hier kommt ein Karton. Hier kommt ein Karton.,"https://www.google.de/maps/place/Thalia+-+Cinema,+Coffee+and+Cigarettes/@51.06682,13.752026,17z/data=!3m1!4b1!4m5!3m4!1s0x4709cf3c1b6128c3:0x790548ec4161e82b!8m2!3d51.06682!4d13.7542147",https://vimeo.com/232455770,,87456848
57,2015-01-26,Luchs Kino am Zoo,57,20,luchs-kino-am-zoo-halle,Seebener Straße 172,6114,Halle/Saale,11.95862,51.506457,0345 52 38631,http://www.luchskino.de,http://www.luchskino.de,Hier kommt ein Karton. Hier kommt ein Karton. Hier kommt ein Karton.,"https://www.google.com/maps/place/Luchs+Kino+am+Zoo/@51.5064574,11.9586204,17z/data=!3m1!4b1!4m5!3m4!1s0x47a67b4fd264cb23:0x6a9bd98f5b57ec17!8m2!3d51.5064574!4d11.9608091?hl=en-GB",,,173466464
58,2015-01-29,Schauburg,64,34,schauburg-karlsruhe,Marienstr. 16,76137,Karlsruhe,8.405625,49.003547,0721 35 00018,http://www.schauburg.de,http://www.schauburg.de,Hier kommt ein Karton. Hier kommt ein Karton. Hier kommt ein Karton.,"https://www.google.com/maps/place/Schauburg+Karlsruhe/@49.0035473,8.4056247,17z/data=!3m1!4b1!4m5!3m4!1s0x479706474d79b68b:0x5a4d96bb6c320d8e!8m2!3d49.0035473!4d8.4078134?hl=en-GB",,,173455565
59,2015-01-30,Lichtspiele,56,49,lichtspiele-moessingen,Höfgasse 12,72116,Mössingen,9.061215,48.410377,07473 21416,http://lichtspiele.wp.aqidos-easyweb.de/,http://lichtspiele.wp.aqidos-easyweb.de/,Hier kommt ein Karton. Hier kommt ein Karton. Hier kommt ein Karton.,"https://www.google.de/maps/place/Lichtspiele+M%C3%B6ssingen/@48.4103771,9.0612146,17z/data=!3m1!4b1!4m5!3m4!1s0x41096d1f0b3024f1:0xa16067dfe2587564!8m2!3d48.4103771!4d9.0634033",https://vimeo.com/232484710,,173363476
60,2015-02-01,Filmburg,18,45,filmburg-marktoberdorf,Gschwenderstraße 7,87616,Marktoberdorf,10.614891,47.77982,08342 916683,http://www.filmburg.de,http://www.filmburg.de,Hier kommt ein Karton. Hier kommt ein Karton. Hier kommt ein Karton.,"https://www.google.com/maps/place/Filmburg+-+Das+Theaterkino/@47.77982,10.6148913,17z/data=!3m1!4b1!4m5!3m4!1s0x479c68fb20521d1f:0x3b5e7ab669cc70aa!8m2!3d47.77982!4d10.61708?hl=en-GB",,,140768825
61,2015-02-26,Kino in der Basiskulturfabrik,40,52,kino-in-der-basiskulturfabrik-neustrelitz,Sandberg 3,17235,Neustrelitz,13.056279,53.367772,039812031 45,http://www.basiskulturfabrik.de/kino/programm.html,http://www.basiskulturfabrik.de/kino/programm.html,Hier kommt ein Karton. Hier kommt ein Karton. Hier kommt ein Karton.,"https://www.google.com/maps/place/Alte+Kachelofenfabrik/@53.367772,13.0562786,17z/data=!3m1!4b1!4m5!3m4!1s0x47a95ff8f1321c09:0x34121aafa6f96699!8m2!3d53.367772!4d13.0584673?hl=en-GB",,,140730510
62,2015-03-17,Kino Achteinhalb,32,64,kino-achteinhalb-saarbruecken,Nauwieserstr. 19,66111,Saarbrücken,6.998898,49.235667,0681 3 9088 80,http://kinoachteinhalb.de,http://kinoachteinhalb.de,Hier kommt ein Karton. Hier kommt ein Karton. Hier kommt ein Karton.,"https://www.google.com/maps/place/Kino+Achteinhalb/@49.2356673,6.9988975,17z/data=!3m1!4b1!4m5!3m4!1s0x4795b6a738bf3e43:0xd3bf9689fe0354c!8m2!3d49.2356673!4d7.0010862?hl=en-GB",,,136435473
63,2015-03-18,Kommunales Kino,49,73,kommunales-kino-weiterstadt,Carl-Ulrich-Straße 9,64331,Weiterstadt,8.582557,49.907022,0615 012185,http://www.kino-weiterstadt.de,http://www.kino-weiterstadt.de,Hier kommt ein Karton. Hier kommt ein Karton. Hier kommt ein Karton.,"https://www.google.com/maps/place/Kommunales+Kino+Weiterstadt/@49.9070218,8.5825569,17z/data=!3m1!4b1!4m5!3m4!1s0x47bd7728a6719773:0x2818cc91c87fc1a7!8m2!3d49.9070218!4d8.5847456?hl=en-GB",,,134409421
64,2015-04-24,Filmclub 813,19,39,filmclub-813-koeln,Hahnenstraße 6,50667,Köln,6.941758,50.936117,0221 3106813,http://filmclub-813.de,http://filmclub-813.de,Hier kommt ein Karton. Hier kommt ein Karton. Hier kommt ein Karton.,"https://www.google.com/maps/place/Film+Club+813+e.V./@50.9361169,6.9417575,17z/data=!3m1!4b1!4m5!3m4!1s0x47bf25aa05e93895:0xbbb7d7aebec13012!8m2!3d50.9361169!4d6.9439462?hl=en-GB",,,133146010
65,2015-05-19,Kino im Waldhorn,38,63,kino-im-waldhorn-rottenburg,Königstraße 12,72108,Rottenburg am Neckar,8.932144,48.47789,07472 22888,http://www.kinowaldhorn.de/,http://www.kinowaldhorn.de/,Hier kommt ein Karton. Hier kommt ein Karton. Hier kommt ein Karton.,"https://www.google.de/maps/place/Kino+im+Waldhorn/@48.47789,8.9321443,17z/data=!3m1!4b1!4m5!3m4!1s0x4799fc4b58b9aeed:0xcb8049cede64c528!8m2!3d48.47789!4d8.934333",https://vimeo.com/232467016,,130017082
66,2015-06-02,Kommunales Kino,50,4,kommunales-kino-bad-schwartau,Haydnring 32,23611,Bad Schwartau,10.683461,53.92604,NA,http://koki-bad-schwartau.de,http://koki-bad-schwartau.de,Hier kommt ein Karton. Hier kommt ein Karton. Hier kommt ein Karton.,"https://www.google.com/maps/place/Haydnring+32,+23611+Bad+Schwartau,+Germany/@53.92604,10.6834613,17z/data=!3m1!4b1!4m5!3m4!1s0x47b20c9ca95e3715:0x52a15c5e8c166ce3!8m2!3d53.92604!4d10.68565?hl=en-GB",,,123323317
67,2015-06-17,Medienhaus,59,28,medienhaus-hannover,Schwarzer Bär 6,30449,Hannover,9.716995,52.36813,0511 441440,http://medienhaus-hannover.de,http://medienhaus-hannover.de,Hier kommt ein Karton. Hier kommt ein Karton. Hier kommt ein Karton.,"https://www.google.com/maps/place/Medienhaus+Hannover+e.V./@52.3681301,9.716995,17z/data=!3m1!4b1!4m5!3m4!1s0x47b0749544ca813b:0x857f3956f0baa6e7!8m2!3d52.3681301!4d9.7191837?hl=en-GB",,,105220220
68,2015-06-23,B-Movie,4,23,b-movie-hamburg,Brigittenstr. 5,20259,Hamburg,9.959122,53.554349,040 43058 67,https://www.b-movie.de,https://www.b-movie.de,Hier kommt ein Karton. Hier kommt ein Karton. Hier kommt ein Karton.,"https://www.google.com/maps/place/B-Movie/@53.554349,9.9591224,17z/data=!3m1!4b1!4m5!3m4!1s0x47b18f6ec1693fdf:0xe3ed63aa35911c76!8m2!3d53.554349!4d9.9613111?hl=en-GB",,,99451997
69,2015-07-21,Künstlerhaus Vorwerkstift,52,24,vorwerkstift-hamburg,Vorwerkstr. 21,20357,Hamburg,9.968111,53.55943,NA,http://vorwerkstift.de,http://vorwerkstift.de,Hier kommt ein Karton. Hier kommt ein Karton. Hier kommt ein Karton.,"https://www.google.com/maps/place/Vorwerk+Stift/@53.55943,9.9681114,17z/data=!3m1!4b1!4m5!3m4!1s0x47b18f6a90f6cf69:0x94923fce001df22d!8m2!3d53.55943!4d9.9703001?hl=en-GB",,,99449458
70,2015-08-13,Filmclub Nebel,20,51,filmclub-nebel-amrum,NA,NA,Nebel / Amrum,8.394832,54.62824,NA,NA,NA,Hier kommt ein Karton. Hier kommt ein Karton. Hier kommt ein Karton.,"https://www.google.com/maps/place/Wittd%C3%BCn(Amrum)/@54.6282395,8.3948316,17.07z/data=!4m13!1m7!3m6!1s0x47b4fa961eb84031:0x143979dd46f00a66!2s25946+Nebel,+Germany!3b1!8m2!3d54.6502417!4d8.347468!3m4!1s0x47b4f06088c72f31:0xe90c93f08901c25b!8m2!3d54.6291581!4d8.3977718?hl=en-GB",,,87456848
71,2015-09-19,Kunstverein Neckar-Odenwald,53,48,kunstverein-mosbach,Unterm Haubenstein 9,74821,Mosbach,9.144347,49.360053,062 6193 98 50,http://www.kunstverein-neckar-odenwald.de/index.html,http://www.kunstverein-neckar-odenwald.de/index.html,Hier kommt ein Karton. Hier kommt ein Karton. Hier kommt ein Karton.,"https://www.google.com/maps/place/Unterm+Haubenstein+9,+74821+Mosbach,+Germany/@49.3600533,9.1443466,17z/data=!3m1!4b1!4m5!3m4!1s0x4797f56e04f57099:0x6cf55b58f2a010b4!8m2!3d49.3600533!4d9.1465353?hl=en-GB",,,173466464
72,2015-10-14,Café Hej Papa,9,25,cafe-hej-papa-hamburg,Poolstr. 32,20355,Hamburg,9.977529,53.554272,040 66872747,http://hej-papa.de,http://hej-papa.de,Hier kommt ein Karton. Hier kommt ein Karton. Hier kommt ein Karton.,"https://www.google.com/maps/place/hejpapa/@53.554272,9.9775293,17z/data=!3m1!4b1!4m5!3m4!1s0x47b18f16b1797afd:0xff7c6d473be7d4b9!8m2!3d53.554272!4d9.979718?hl=en-GB",,,173455565
73,2015-10-18,UND Kunstmesse in der Dragonerkaserne,71,35,und-kunstmesse-in-der-dragonerkaserne-karlsruhe,Kaiserallee 12b,76133,Karlsruhe,8.374798,49.01111,NA,http://www.und-1.de,http://www.und-1.de,Hier kommt ein Karton. Hier kommt ein Karton. Hier kommt ein Karton.,"https://www.google.com/maps/place/Kaiserallee+12B,+76133+Karlsruhe,+Germany/@49.0111096,8.3747978,17z/data=!3m1!4b1!4m5!3m4!1s0x479706fa7031b6e7:0xe39cabb7763ddd04!8m2!3d49.0111096!4d8.3769865?hl=en-GB",,,173363476
74,2015-11-17,Zeisekinos,75,26,zeisekinos-hamburg,Friedensallee 7-9,22765,Hamburg,9.925442,53.554133,040 3908770,http://www.zeise.de,http://www.zeise.de,Hier kommt ein Karton. Hier kommt ein Karton. Hier kommt ein Karton.,"https://www.google.com/maps/place/Zeise+halls+Kinobetriebs+GmbH/@53.5541333,9.9254416,17z/data=!3m1!4b1!4m5!3m4!1s0x47b1858fc1e60e77:0x2e8d55b59c0453df!8m2!3d53.5541333!4d9.9276303?hl=en-GB",,,140768825
75,2016-02-02,Cineradoplex ,13,60,cineradoplex--pfaffenhofen,Ledererstrasse 3,85276,Pfaffenhofen,11.53109,48.523499,0844 178810,http://www.cineradoplex.de/programm/,http://www.cineradoplex.de/programm/,Hier kommt ein Karton. Hier kommt ein Karton. Hier kommt ein Karton.,"https://www.google.com/maps/place/Kino+CineradoPlex/@48.5234993,11.5310902,17z/data=!3m1!4b1!4m5!3m4!1s0x479e5c68116b365d:0x43ad9f0df9e9f3c9!8m2!3d48.5234993!4d11.5332789?hl=en-GB",,,140730510
